load_kw,pv_kw,battery_net_injection_kw,battery_soc_kWh,timestamp,converged,minimum_voltage_pu,maximum_voltage_pu,maximum_current_a,source_real_power_kw,feeder_real_loss_kw,scheduled_grid_import_kw,receiving_end_real_power_kw,grid_import_error_kw
15.0,0.0,0.0,9.999999999362425,2026-08-25 00:00:00-07:00,True,0.999964165649865,0.9999641656498696,0.7282365524172911,15.00032197292732,0.0003194228255188136,15.0,15.0000025501018,2.5501018008355913e-06
15.0,0.0,0.0,9.999999987286794,2026-08-25 00:15:00-07:00,True,0.9999641656560178,0.9999641656560223,0.7282364281329319,15.000319422723017,0.00031942269826322445,15.0,15.000000000024754,2.475353255704249e-11
15.0,0.0,0.0,9.999999986909073,2026-08-25 00:30:00-07:00,True,0.9999641656560178,0.9999641656560223,0.7282364281329319,15.000319422723017,0.00031942269826322445,15.0,15.000000000024754,2.475353255704249e-11
15.0,0.0,0.0,9.999999986583944,2026-08-25 00:45:00-07:00,True,0.9999641656560178,0.9999641656560223,0.7282364281329319,15.000319422723017,0.00031942269826322445,15.0,15.000000000024754,2.475353255704249e-11
15.0,0.0,0.0,9.99999998571048,2026-08-25 01:00:00-07:00,True,0.9999641656560178,0.9999641656560223,0.7282364281329319,15.000319422723017,0.00031942269826322445,15.0,15.000000000024754,2.475353255704249e-11
15.0,0.0,0.0,9.999999985290655,2026-08-25 01:15:00-07:00,True,0.9999641656560178,0.9999641656560223,0.7282364281329319,15.000319422723017,0.00031942269826322445,15.0,15.000000000024754,2.475353255704249e-11
15.0,0.0,0.0,9.999999985023395,2026-08-25 01:30:00-07:00,True,0.9999641656560178,0.9999641656560223,0.7282364281329319,15.000319422723017,0.00031942269826322445,15.0,15.000000000024754,2.475353255704249e-11
15.0,0.0,0.0,9.999999984832629,2026-08-25 01:45:00-07:00,True,0.9999641656560178,0.9999641656560223,0.7282364281329319,15.000319422723017,0.00031942269826322445,15.0,15.000000000024754,2.475353255704249e-11
15.0,0.0,0.0,9.999999984551067,2026-08-25 02:00:00-07:00,True,0.9999641656560178,0.9999641656560223,0.7282364281329319,15.000319422723017,0.00031942269826322445,15.0,15.000000000024754,2.475353255704249e-11
15.0,0.0,0.0,9.999999984366204,2026-08-25 02:15:00-07:00,True,0.9999641656560178,0.9999641656560223,0.7282364281329319,15.000319422723017,0.00031942269826322445,15.0,15.000000000024754,2.475353255704249e-11
15.0,0.0,0.0,9.999999984199022,2026-08-25 02:30:00-07:00,True,0.9999641656560178,0.9999641656560223,0.7282364281329319,15.000319422723017,0.00031942269826322445,15.0,15.000000000024754,2.475353255704249e-11
15.0,0.0,0.0,9.99999998408046,2026-08-25 02:45:00-07:00,True,0.9999641656560178,0.9999641656560223,0.7282364281329319,15.000319422723017,0.00031942269826322445,15.0,15.000000000024754,2.475353255704249e-11
15.0,0.0,0.0,9.999999983710456,2026-08-25 03:00:00-07:00,True,0.9999641656560178,0.9999641656560223,0.7282364281329319,15.000319422723017,0.00031942269826322445,15.0,15.000000000024754,2.475353255704249e-11
15.0,0.0,0.0,9.999999983354304,2026-08-25 03:15:00-07:00,True,0.9999641656560178,0.9999641656560223,0.7282364281329319,15.000319422723017,0.00031942269826322445,15.0,15.000000000024754,2.475353255704249e-11
15.0,0.0,0.0,9.999999982992945,2026-08-25 03:30:00-07:00,True,0.9999641656560178,0.9999641656560223,0.7282364281329319,15.000319422723017,0.00031942269826322445,15.0,15.000000000024754,2.475353255704249e-11
15.0,0.0,0.0,9.999999982628433,2026-08-25 03:45:00-07:00,True,0.9999641656560178,0.9999641656560223,0.7282364281329319,15.000319422723017,0.00031942269826322445,15.0,15.000000000024754,2.475353255704249e-11
15.0,0.0,0.0,9.999999982378627,2026-08-25 04:00:00-07:00,True,0.9999641656560178,0.9999641656560223,0.7282364281329319,15.000319422723017,0.00031942269826322445,15.0,15.000000000024754,2.475353255704249e-11
15.0,0.0,0.0,9.99999998211603,2026-08-25 04:15:00-07:00,True,0.9999641656560178,0.9999641656560223,0.7282364281329319,15.000319422723017,0.00031942269826322445,15.0,15.000000000024754,2.475353255704249e-11
15.0,0.0,0.0,9.999999981802382,2026-08-25 04:30:00-07:00,True,0.9999641656560178,0.9999641656560223,0.7282364281329319,15.000319422723017,0.00031942269826322445,15.0,15.000000000024754,2.475353255704249e-11
15.0,0.0,0.0,9.99999998148978,2026-08-25 04:45:00-07:00,True,0.9999641656560178,0.9999641656560223,0.7282364281329319,15.000319422723017,0.00031942269826322445,15.0,15.000000000024754,2.475353255704249e-11
15.0,0.0,0.0,9.99999998116475,2026-08-25 05:00:00-07:00,True,0.9999641656560178,0.9999641656560223,0.7282364281329319,15.000319422723017,0.00031942269826322445,15.0,15.000000000024754,2.475353255704249e-11
15.0,0.0,0.0,9.999999980777956,2026-08-25 05:15:00-07:00,True,0.9999641656560178,0.9999641656560223,0.7282364281329319,15.000319422723017,0.00031942269826322445,15.0,15.000000000024754,2.475353255704249e-11
15.0,0.0,0.0,9.9999999802882,2026-08-25 05:30:00-07:00,True,0.9999641656560178,0.9999641656560223,0.7282364281329319,15.000319422723017,0.00031942269826322445,15.0,15.000000000024754,2.475353255704249e-11
15.0,0.0,0.0,9.999999979287873,2026-08-25 05:45:00-07:00,True,0.9999641656560178,0.9999641656560223,0.7282364281329319,15.000319422723017,0.00031942269826322445,15.0,15.000000000024754,2.475353255704249e-11
25.0,0.0,0.0,9.99999997907659,2026-08-25 06:00:00-07:00,True,0.9999400384389042,0.9999400384389118,1.2156214343382943,25.00088856439941,0.0008887099047042284,25.0,24.999999854494707,-1.4550529314760752e-07
25.0,1.962093876904292,0.0,9.99999997887196,2026-08-25 06:15:00-07:00,True,0.9999428006536422,0.9999428006536492,1.1294505478674148,23.038673601438628,0.0007674636772644589,23.03790612309571,23.037906137761365,1.466565535679365e-08
25.0,3.915785766601547,0.0,9.999999978701616,2026-08-25 06:30:00-07:00,True,0.9999455509896148,0.9999455509896215,1.0444376673908204,21.084870824623117,0.0006565785437005616,21.084214233398452,21.084214246079416,1.268096383455486e-08
25.0,5.852709660483847,0.0,9.999999978591,2026-08-25 06:45:00-07:00,True,0.9999482776700517,0.9999482776700577,0.9611374761603162,19.14784668996187,0.000556339588715673,19.147290339516154,19.147290350373154,1.0857000631858682e-08
25.0,7.764571353075622,0.0,9.999999978262908,2026-08-25 07:00:00-07:00,True,0.9999509690205048,0.9999509690205106,0.880147083018448,17.23589551982434,0.00046686373137526973,17.235428646924376,17.235428656092964,9.168587666863459e-09
25.0,9.643183959094848,0.0,9.999999978287825,2026-08-25 07:15:00-07:00,True,0.999953613518423,0.9999536135184284,0.8021179708035016,15.357204152803243,0.0003881042912726116,15.356816040905152,15.35681604851197,7.606818286376438e-09
25.0,11.480502970952694,0.0,9.999999978526144,2026-08-25 07:30:00-07:00,True,0.9999561998424537,0.9999561998424585,0.7277710677178697,13.51981689401612,0.0003198587888537077,13.519497029047306,13.519497035227266,6.1799596551281866e-09
25.0,13.268660706570037,0.0,9.999999979054186,2026-08-25 07:45:00-07:00,True,0.9999587169208753,0.9999587169208795,0.6579139496840954,11.731601077096148,0.0002617787624299126,11.731339293429963,11.731339298333717,4.903753847429471e-09
25.0,14.999999999999998,0.0,9.999999979489475,2026-08-25 08:00:00-07:00,True,0.999961153978951,0.9999611539789548,0.5934564118755087,10.0002133863904,0.00021338261016671823,10.000000000000002,10.000000003780233,3.780231239147724e-09
25.0,16.667106990588067,0.0,9.999999980387804,2026-08-25 08:15:00-07:00,True,0.999963500585004,0.9999635005850069,0.5354149262756988,8.333067082012073,0.00017406972431354006,8.332893009411933,8.33289301228776,2.8758275760765173e-09
25.0,18.26284287026162,0.0,9.999999981613874,2026-08-25 08:30:00-07:00,True,0.9999657466950146,0.9999657466950175,0.4848867547350115,6.737300269148431,0.00014313730628464329,6.737157129738382,6.737157131842146,2.1037642738974682e-09
25.0,19.780374453002064,0.0,9.999999983154412,2026-08-25 08:45:00-07:00,True,0.9999678826955549,0.9999678826955576,0.4429630707090574,5.219745346417126,0.00011979799580535655,5.219625546997936,5.2196255484213205,1.423384965448804e-09
25.0,21.213203435596423,0.0,9.99999998425195,2026-08-25 09:00:00-07:00,True,0.9999698994448726,0.9999698994448751,0.41054992834860204,3.7868997642508058,0.00010319894284521069,3.786796564403577,3.7867965653079607,9.043836790567639e-10
25.0,22.555194224369323,0.0,9.99999998624318,2026-08-25 09:15:00-07:00,True,0.9999717883119522,0.9999717883119552,0.3881019133448089,2.444898218241839,9.244208391157827e-05,2.4448057756306767,2.4448057761579274,5.272506875542149e-10
25.0,23.800600208737055,0.0,9.999999989162884,2026-08-25 09:30:00-07:00,True,0.999973541213391,0.9999735412133934,0.3753574624809552,1.1994863956181507,8.660414872929323e-05,1.1993997912629446,1.1993997914694214,2.0647683562913244e-10
25.0,24.94408836907635,0.0,11.023367367994338,2026-08-25 09:45:00-07:00,True,0.9999751506479251,0.999975150647927,0.37123521794598435,0.05599638850806496,8.475758349344176e-05,0.05591163092364937,0.05591163092457152,9.22151244253655e-13
25.0,25.980762113533157,0.0,11.256298373991608,2026-08-25 10:00:00-07:00,True,0.9999766097284665,0.9999766097284686,0.37399262738277994,-0.9806761231708074,8.599047627433264e-05,-0.9807621135331566,-0.9807621136470818,-1.1392520260500305e-10
25.0,26.906182245980652,0.0,11.70901666752004,2026-08-25 10:15:00-07:00,True,0.9999779122115167,0.9999779122115187,0.3815721433054551,-1.9060928195913642,8.942660463094398e-05,-1.9061822459806521,-1.9061822461959952,-2.1534307670378894e-10
25.0,27.716385975338603,0.0,12.896516619695936,2026-08-25 10:30:00-07:00,True,0.9999790525238217,0.9999790525238239,0.39195099386165255,-2.716291732070343,9.424355731539435e-05,-2.7163859753386035,-2.7163859756276585,-2.8905500215614666e-10
25.0,28.40790388485317,0.0,13.705893806857706,2026-08-25 10:45:00-07:00,True,0.9999800257861667,0.9999800257861692,0.4033657610407815,-3.407804194543886,9.969057178545881e-05,-3.4079038848531695,-3.4079038851156715,-2.625020201207917e-10
25.0,28.97777478867205,0.0,14.650615327549362,2026-08-25 11:00:00-07:00,True,0.9999808278342073,0.9999808278342102,0.4143986152546024,-3.9776696849979407,0.00010510396730387583,-3.9777747886720505,-3.9777747889652444,-2.9319391359194924e-10
25.0,29.423558412096913,0.0,15.701210481849076,2026-08-25 11:15:00-07:00,True,0.9999814552362419,0.9999814552362448,0.42397462352545456,-4.423448491413395,0.00010992090528884547,-4.423558412096913,-4.423558412318684,-2.2177104597176367e-10
25.0,29.74334584121431,0.0,16.82775512895968,2026-08-25 11:30:00-07:00,True,0.9999819053078619,0.9999819053078645,0.4313217442705275,-4.743232150072797,0.00011369129536728906,-4.74334584121431,-4.743345841368164,-1.538538185741345e-10
25.0,29.935767697158106,0.0,17.99999995909962,2026-08-25 11:45:00-07:00,True,0.9999821761234061,0.9999821761234089,0.43592533670639133,-4.935651610470604,0.00011608676282548914,-4.935767697158106,-4.9357676972334295,-7.532374723950852e-11
35.0,30.0,0.0,17.99999996042677,2026-08-25 12:00:00-07:00,True,0.9999581418873676,0.9999581418873713,0.5723286966691337,5.000199426648092,0.00019944695912727184,5.0,4.999999979688965,-2.0311034631959046e-08
35.0,29.935767697158106,0.0,17.999999961624997,2026-08-25 12:15:00-07:00,True,0.9999580514769634,0.9999580514769668,0.5735381858382206,5.064432581290875,0.00020027851293912135,5.064232302841894,5.064232302777936,-6.395861618102572e-11
35.0,29.74334584121431,0.0,17.999999962406708,2026-08-25 12:30:00-07:00,True,0.9999577806330859,0.9999577806330889,0.5772380137594632,5.256856991627247,0.00020283309272667793,5.25665415878569,5.25665415853452,-2.511697516638378e-10
35.0,29.423558412096913,0.0,17.99999996276558,2026-08-25 12:45:00-07:00,True,0.9999573305143779,0.9999573305143811,0.5836357993698046,5.576648876773327,0.00020728929970414357,5.576441587903087,5.5764415874736235,-4.2946357581286065e-10
35.0,28.97777478867205,0.0,17.999999963324576,2026-08-25 13:00:00-07:00,True,0.999956703046701,0.9999567030467049,0.5930562098258159,6.022439150955536,0.00021394027240239665,6.0222252113279495,6.022225210683134,-6.448157563454515e-10
35.0,28.40790388485317,0.0,17.9999999636351,2026-08-25 13:15:00-07:00,True,0.9999559009147458,0.9999559009147493,0.6059100726810807,6.592319301335811,0.00022318709544651938,6.5920961151468305,6.5920961142403645,-9.064660133617508e-10
35.0,27.716385975338607,0.0,17.99999996384068,2026-08-25 13:30:00-07:00,True,0.999954927550572,0.9999549275505755,0.6226541431219534,7.283849553188993,0.000235529795176717,7.283614024661393,7.283614023393817,-1.2675762661729095e-09
35.0,26.906182245980652,0.0,17.99999996374642,2026-08-25 13:45:00-07:00,True,0.9999537871189599,0.9999537871189638,0.6437456548244462,8.094069308317541,0.00025155598612536776,8.093817754019348,8.093817752331416,-1.6879315722917454e-09
35.0,25.98076211353316,0.0,17.999999963912753,2026-08-25 14:00:00-07:00,True,0.9999524844996353,0.9999524844996392,0.669597369549533,9.019509811488806,0.00027192725613122093,9.01923788646684,9.019237884232675,-2.2341648531210012e-09
35.0,24.94408836907635,0.0,17.9999999637534,2026-08-25 14:15:00-07:00,True,0.9999510252664338,0.9999510252664385,0.7005393421411057,10.05620899217384,0.00029736414005355984,10.05591163092365,10.055911628033787,-2.8898625714646187e-09
35.0,23.800600208737055,0.0,17.999999963707264,2026-08-25 14:30:00-07:00,True,0.999949415663509,0.9999494156635138,0.7367924378540418,11.199728416381312,0.00032862878942751194,11.199399791262945,11.199399787591885,-3.671059900511864e-09
35.0,22.555194224369323,0.0,17.999999963586173,2026-08-25 14:45:00-07:00,True,0.9999476625786679,0.9999476625786726,0.7784559846438714,12.445172278239951,0.00036650717276643264,12.444805775630677,12.444805771067186,-4.563490918485513e-09
35.0,21.213203435596427,0.0,17.99999996373664,2026-08-25 15:00:00-07:00,True,0.9999457735139589,0.9999457735139643,0.8255088015687716,13.787208348585754,0.00041178985109581847,13.786796564403573,13.786796558734657,-5.66891600328745e-09
35.0,19.780374453002068,0.0,17.999999963718366,2026-08-25 15:15:00-07:00,True,0.9999437565536312,0.9999437565536375,0.8778203995902727,15.220090792253249,0.0004652522012593181,15.219625546997932,15.21962554005199,-6.9459424878459686e-09
35.0,18.262842870261625,0.0,17.999999963535522,2026-08-25 15:30:00-07:00,True,0.9999416203296031,0.9999416203296093,0.9351680975126041,16.73768475597901,0.0005276346322725658,16.737157129738375,16.737157121346737,-8.39163760701922e-09
35.0,16.667106990588074,0.0,17.999999963193243,2026-08-25 15:45:00-07:00,True,0.9999393739845825,0.9999393739845895,0.9972560858991458,18.33349262228747,0.000599622892631487,18.332893009411926,18.332892999394836,-1.001708938019874e-08
35.0,14.999999999999998,0.0,17.99999996350617,2026-08-25 16:00:00-07:00,True,0.999937027133005,0.9999370271330124,1.063733560907382,20.000681816682476,0.0006818285751160147,20.0,19.999999988107362,-1.1892637985511101e-08
35.0,13.268660706570053,0.0,17.99999996350913,2026-08-25 16:15:00-07:00,True,0.9999345898199387,0.9999345898199464,1.1342103220958215,21.7321140505021,0.0007747709954119273,21.731339293429947,21.731339279506688,-1.3923258990189424e-08
35.0,11.480502970952696,0.0,17.999999963364214,2026-08-25 16:30:00-07:00,True,0.9999320724781529,0.9999320724781607,1.2082692761599725,23.520375872876624,0.0008788600273755946,23.519497029047304,23.51949701284925,-1.6198054453298028e-08
35.0,9.643183959094852,0.0,17.999999963146397,2026-08-25 16:45:00-07:00,True,0.9999294858835107,0.999929485883519,1.2854759667895144,25.357810402667482,0.000994380357060436,25.356816040905148,25.356816022310422,-1.8594725759157882e-08
20.0,7.76457135307563,0.0,17.999999963121898,2026-08-25 17:00:00-07:00,True,0.9999630322870011,0.9999630322870057,0.6387811894608465,12.235675180028256,0.00024647183464230693,12.235428646924369,12.235428708193613,6.126924390059685e-08
20.0,5.852709660483845,0.0,17.999999962808555,2026-08-25 17:15:00-07:00,True,0.9999603410775447,0.9999603410775487,0.7184539582212652,14.147601686131303,0.0003113527138257268,14.147290339516154,14.147290333417477,-6.09867711887091e-09
20.0,3.91578576660156,0.0,17.999999960720416,2026-08-25 17:30:00-07:00,True,0.9999576145397517,0.9999576145397571,0.8010686749549291,16.08460089959788,0.0003866736930813204,16.08421423339844,16.084214225904798,-7.493643039424569e-09
20.0,1.9620938769042937,0.0,16.684210494444436,2026-08-25 17:45:00-07:00,True,0.9999548643476625,0.9999548643476681,0.8857930247435826,18.038378538757236,0.00047242470335186226,18.037906123095706,18.037906114053882,-9.041823290090178e-09
20.0,0.0,0.0,16.684210493785034,2026-08-25 18:00:00-07:00,True,0.9999521022770385,0.9999521022770448,0.9719233414940485,20.000568417483493,0.0005684281386829752,20.0,19.99999998934481,-1.065518873133442e-08
20.0,0.0,0.0,15.36842103015765,2026-08-25 18:15:00-07:00,True,0.9999521022770127,0.999952102277019,0.9719233420141477,20.00056842815931,0.0005684281693975208,20.0,19.99999999998991,-1.0089706847793423e-11
20.0,0.0,0.0,14.052631556802227,2026-08-25 18:30:00-07:00,True,0.9999521022770127,0.999952102277019,0.9719233420141477,20.00056842815931,0.0005684281693975208,20.0,19.99999999998991,-1.0089706847793423e-11
20.0,0.0,0.0,12.736842083235432,2026-08-25 18:45:00-07:00,True,0.9999521022770127,0.999952102277019,0.9719233420141477,20.00056842815931,0.0005684281693975208,20.0,19.99999999998991,-1.0089706847793423e-11
20.0,0.0,0.0,11.421052609740372,2026-08-25 19:00:00-07:00,True,0.9999521022770127,0.999952102277019,0.9719233420141477,20.00056842815931,0.0005684281693975208,20.0,19.99999999998991,-1.0089706847793423e-11
20.0,0.0,0.0,10.105263136528512,2026-08-25 19:15:00-07:00,True,0.9999521022770127,0.999952102277019,0.9719233420141477,20.00056842815931,0.0005684281693975208,20.0,19.99999999998991,-1.0089706847793423e-11
20.0,0.0,0.0,8.789473664068417,2026-08-25 19:30:00-07:00,True,0.9999521022770127,0.999952102277019,0.9719233420141477,20.00056842815931,0.0005684281693975208,20.0,19.99999999998991,-1.0089706847793423e-11
20.0,0.0,0.0,7.473684199260957,2026-08-25 19:45:00-07:00,True,0.9999521022770127,0.999952102277019,0.9719233420141477,20.00056842815931,0.0005684281693975208,20.0,19.99999999998991,-1.0089706847793423e-11
20.0,0.0,0.0,7.4736841971132835,2026-08-25 20:00:00-07:00,True,0.9999521022770127,0.999952102277019,0.9719233420141477,20.00056842815931,0.0005684281693975208,20.0,19.99999999998991,-1.0089706847793423e-11
20.0,0.0,0.0,7.47368419606107,2026-08-25 20:15:00-07:00,True,0.9999521022770127,0.999952102277019,0.9719233420141477,20.00056842815931,0.0005684281693975208,20.0,19.99999999998991,-1.0089706847793423e-11
20.0,0.0,0.0,7.473684195352177,2026-08-25 20:30:00-07:00,True,0.9999521022770127,0.999952102277019,0.9719233420141477,20.00056842815931,0.0005684281693975208,20.0,19.99999999998991,-1.0089706847793423e-11
20.0,0.0,0.0,7.473684195117535,2026-08-25 20:45:00-07:00,True,0.9999521022770127,0.999952102277019,0.9719233420141477,20.00056842815931,0.0005684281693975208,20.0,19.99999999998991,-1.0089706847793423e-11
20.0,0.0,0.0,7.473684194425708,2026-08-25 21:00:00-07:00,True,0.9999521022770127,0.999952102277019,0.9719233420141477,20.00056842815931,0.0005684281693975208,20.0,19.99999999998991,-1.0089706847793423e-11
20.0,0.0,0.0,7.473684193857167,2026-08-25 21:15:00-07:00,True,0.9999521022770127,0.999952102277019,0.9719233420141477,20.00056842815931,0.0005684281693975208,20.0,19.99999999998991,-1.0089706847793423e-11
20.0,0.0,0.0,7.473684193707909,2026-08-25 21:30:00-07:00,True,0.9999521022770127,0.999952102277019,0.9719233420141477,20.00056842815931,0.0005684281693975208,20.0,19.99999999998991,-1.0089706847793423e-11
20.0,0.0,0.0,7.473684193648341,2026-08-25 21:45:00-07:00,True,0.9999521022770127,0.999952102277019,0.9719233420141477,20.00056842815931,0.0005684281693975208,20.0,19.99999999998991,-1.0089706847793423e-11
20.0,0.0,0.0,7.473684193319977,2026-08-25 22:00:00-07:00,True,0.9999521022770127,0.999952102277019,0.9719233420141477,20.00056842815931,0.0005684281693975208,20.0,19.99999999998991,-1.0089706847793423e-11
20.0,0.0,0.0,7.473684192928329,2026-08-25 22:15:00-07:00,True,0.9999521022770127,0.999952102277019,0.9719233420141477,20.00056842815931,0.0005684281693975208,20.0,19.99999999998991,-1.0089706847793423e-11
20.0,0.0,0.0,7.473684192857671,2026-08-25 22:30:00-07:00,True,0.9999521022770127,0.999952102277019,0.9719233420141477,20.00056842815931,0.0005684281693975208,20.0,19.99999999998991,-1.0089706847793423e-11
20.0,0.0,0.0,7.473684192888941,2026-08-25 22:45:00-07:00,True,0.9999521022770127,0.999952102277019,0.9719233420141477,20.00056842815931,0.0005684281693975208,20.0,19.99999999998991,-1.0089706847793423e-11
20.0,0.0,0.0,7.473684192347632,2026-08-25 23:00:00-07:00,True,0.9999521022770127,0.999952102277019,0.9719233420141477,20.00056842815931,0.0005684281693975208,20.0,19.99999999998991,-1.0089706847793423e-11
20.0,0.0,0.0,7.473684192143483,2026-08-25 23:15:00-07:00,True,0.9999521022770127,0.999952102277019,0.9719233420141477,20.00056842815931,0.0005684281693975208,20.0,19.99999999998991,-1.0089706847793423e-11
20.0,0.0,0.0,7.473684192013158,2026-08-25 23:30:00-07:00,True,0.9999521022770127,0.999952102277019,0.9719233420141477,20.00056842815931,0.0005684281693975208,20.0,19.99999999998991,-1.0089706847793423e-11
20.0,0.0,0.0,7.473684192093375,2026-08-25 23:45:00-07:00,True,0.9999521022770127,0.999952102277019,0.9719233420141477,20.00056842815931,0.0005684281693975208,20.0,19.99999999998991,-1.0089706847793423e-11
15.75,0.0,0.0,7.473684191939736,2026-08-26 00:00:00-07:00,True,0.9999623561783967,0.9999623561784017,0.7647885540084365,15.750352254422062,0.00035222985325799526,15.75,15.750000024568804,2.456880388024274e-08
15.75,0.0,0.0,7.473684192001655,2026-08-26 00:15:00-07:00,True,0.9999623561784561,0.9999623561784605,0.7647885528120454,15.75035222986756,0.00035222986306325765,15.75,15.750000000004496,4.495959160522034e-12
15.75,0.0,0.0,7.473684192072101,2026-08-26 00:30:00-07:00,True,0.9999623561784561,0.9999623561784605,0.7647885528120454,15.75035222986756,0.00035222986306325765,15.75,15.750000000004496,4.495959160522034e-12
15.75,0.0,0.0,7.473684192228472,2026-08-26 00:45:00-07:00,True,0.9999623561784561,0.9999623561784605,0.7647885528120454,15.75035222986756,0.00035222986306325765,15.75,15.750000000004496,4.495959160522034e-12
15.75,0.0,0.0,7.4736841922170365,2026-08-26 01:00:00-07:00,True,0.9999623561784561,0.9999623561784605,0.7647885528120454,15.75035222986756,0.00035222986306325765,15.75,15.750000000004496,4.495959160522034e-12
15.75,0.0,0.0,6.157894720926317,2026-08-26 01:15:00-07:00,True,0.9999623561784561,0.9999623561784605,0.7647885528120454,15.75035222986756,0.00035222986306325765,15.75,15.750000000004496,4.495959160522034e-12
15.75,0.0,0.0,6.157894720912534,2026-08-26 01:30:00-07:00,True,0.9999623561784561,0.9999623561784605,0.7647885528120454,15.75035222986756,0.00035222986306325765,15.75,15.750000000004496,4.495959160522034e-12
15.75,0.0,0.0,6.157894720965985,2026-08-26 01:45:00-07:00,True,0.9999623561784561,0.9999623561784605,0.7647885528120454,15.75035222986756,0.00035222986306325765,15.75,15.750000000004496,4.495959160522034e-12
15.75,0.0,0.0,6.157894720921647,2026-08-26 02:00:00-07:00,True,0.9999623561784561,0.9999623561784605,0.7647885528120454,15.75035222986756,0.00035222986306325765,15.75,15.750000000004496,4.495959160522034e-12
15.75,0.0,0.0,6.157894720906883,2026-08-26 02:15:00-07:00,True,0.9999623561784561,0.9999623561784605,0.7647885528120454,15.75035222986756,0.00035222986306325765,15.75,15.750000000004496,4.495959160522034e-12
15.75,0.0,0.0,6.157894720920501,2026-08-26 02:30:00-07:00,True,0.9999623561784561,0.9999623561784605,0.7647885528120454,15.75035222986756,0.00035222986306325765,15.75,15.750000000004496,4.495959160522034e-12
15.75,0.0,0.0,6.15789472095275,2026-08-26 02:45:00-07:00,True,0.9999623561784561,0.9999623561784605,0.7647885528120454,15.75035222986756,0.00035222986306325765,15.75,15.750000000004496,4.495959160522034e-12
15.75,0.0,0.0,6.157894720950233,2026-08-26 03:00:00-07:00,True,0.9999623561784561,0.9999623561784605,0.7647885528120454,15.75035222986756,0.00035222986306325765,15.75,15.750000000004496,4.495959160522034e-12
15.75,0.0,0.0,6.157894720939002,2026-08-26 03:15:00-07:00,True,0.9999623561784561,0.9999623561784605,0.7647885528120454,15.75035222986756,0.00035222986306325765,15.75,15.750000000004496,4.495959160522034e-12
15.75,0.0,0.0,6.157894720816693,2026-08-26 03:30:00-07:00,True,0.9999623561784561,0.9999623561784605,0.7647885528120454,15.75035222986756,0.00035222986306325765,15.75,15.750000000004496,4.495959160522034e-12
15.75,0.0,0.0,6.157894720753416,2026-08-26 03:45:00-07:00,True,0.9999623561784561,0.9999623561784605,0.7647885528120454,15.75035222986756,0.00035222986306325765,15.75,15.750000000004496,4.495959160522034e-12
15.75,0.0,0.0,6.1578947206497165,2026-08-26 04:00:00-07:00,True,0.9999623561784561,0.9999623561784605,0.7647885528120454,15.75035222986756,0.00035222986306325765,15.75,15.750000000004496,4.495959160522034e-12
15.75,0.0,0.0,6.157894720513095,2026-08-26 04:15:00-07:00,True,0.9999623561784561,0.9999623561784605,0.7647885528120454,15.75035222986756,0.00035222986306325765,15.75,15.750000000004496,4.495959160522034e-12
15.75,0.0,0.0,6.157894720330351,2026-08-26 04:30:00-07:00,True,0.9999623561784561,0.9999623561784605,0.7647885528120454,15.75035222986756,0.00035222986306325765,15.75,15.750000000004496,4.495959160522034e-12
15.75,0.0,0.0,6.157894720193014,2026-08-26 04:45:00-07:00,True,0.9999623561784561,0.9999623561784605,0.7647885528120454,15.75035222986756,0.00035222986306325765,15.75,15.750000000004496,4.495959160522034e-12
15.75,0.0,0.0,6.15789472012794,2026-08-26 05:00:00-07:00,True,0.9999623561784561,0.9999623561784605,0.7647885528120454,15.75035222986756,0.00035222986306325765,15.75,15.750000000004496,4.495959160522034e-12
15.75,0.0,0.0,6.1578947200402565,2026-08-26 05:15:00-07:00,True,0.9999623561784561,0.9999623561784605,0.7647885528120454,15.75035222986756,0.00035222986306325765,15.75,15.750000000004496,4.495959160522034e-12
15.75,0.0,0.0,6.157894719877956,2026-08-26 05:30:00-07:00,True,0.9999623561784561,0.9999623561784605,0.7647885528120454,15.75035222986756,0.00035222986306325765,15.75,15.750000000004496,4.495959160522034e-12
15.75,0.0,0.0,6.157894719521786,2026-08-26 05:45:00-07:00,True,0.9999623561784561,0.9999623561784605,0.7647885528120454,15.75035222986756,0.00035222986306325765,15.75,15.750000000004496,4.495959160522034e-12
26.25,0.0,0.0,6.157894719227904,2026-08-26 06:00:00-07:00,True,0.9999370224075498,0.9999370224075582,1.276547349859322,26.250979749476365,0.000979917887270858,26.25,26.249999831589093,-1.6841090655361768e-07
26.25,1.471570407678219,0.0,6.157894718295612,2026-08-26 06:15:00-07:00,True,0.9999390941003572,0.999939094100365,1.2118494214912419,24.779312926298374,0.0008833213343932585,24.778429592321782,24.778429604963982,1.2642200175605467e-08
26.25,2.93683932495116,0.0,6.157894716890159,2026-08-26 06:30:00-07:00,True,0.9999411568936478,0.9999411568936556,1.1478245515390395,23.313953361045925,0.0007926746150869803,23.31316067504884,23.313160686430837,1.1381995790316068e-08
26.25,4.3895322453628856,0.0,6.157894715976004,2026-08-26 06:45:00-07:00,True,0.9999432019543375,0.9999432019543447,1.084808210868431,21.861176024016096,0.0007082591692833375,21.860467754637114,21.860467764846813,1.020969975229491e-08
26.25,5.823428514806716,0.0,6.157894715335661,2026-08-26 07:00:00-07:00,True,0.9999452205260716,0.9999452205260778,1.0231381134530597,20.42720175500879,0.000630260756759526,20.426571485193286,20.42657149425203,9.058744865342305e-09
26.25,7.232387969321136,0.0,6.157894715267773,2026-08-26 07:15:00-07:00,True,0.9999472039662661,0.9999472039662725,0.963152743757566,19.018170810394437,0.0005587716974623617,19.017612030678862,19.017612038696974,8.018112396257493e-09
26.25,8.61037722821452,0.0,6.157894715464365,2026-08-26 07:30:00-07:00,True,0.9999491437830983,0.9999491437831037,0.9051893959485628,17.640116573226873,0.00049379444234728,17.63962277178548,17.639622778784524,6.999044899203e-09
26.25,9.951495529927527,0.0,6.157894716042278,2026-08-26 07:45:00-07:00,True,0.9999510316718375,0.9999510316718431,0.8495814842209871,16.298939723052694,0.0004352469444957023,16.298504470072473,16.2985044761082,6.035726585196244e-09
26.25,11.249999999999998,0.0,6.157894716438613,2026-08-26 08:00:00-07:00,True,0.9999528595503819,0.9999528595503868,0.7966547966896226,15.000382974234206,0.00038296900074419684,15.000000000000002,15.000000005233462,5.233459887676872e-09
26.25,12.50033024294105,0.0,6.157894716853043,2026-08-26 08:15:00-07:00,True,0.9999546195938254,0.9999546195938301,0.7467222962917395,13.750006491648389,0.00033673017969067584,13.74966975705895,13.749669761468699,4.409749010392261e-09
26.25,13.697132152696213,0.0,6.1578947176297625,2026-08-26 08:30:00-07:00,True,0.9999563042679281,0.9999563042679321,0.7000770447463398,12.553164089371013,0.0002962383667691029,12.552867847303787,12.552867851004244,3.7004568298470986e-09
26.25,14.835280839751547,0.0,6.15789471842628,2026-08-26 08:45:00-07:00,True,0.9999579063613334,0.9999579063613377,0.6569828969412982,11.414980312862792,0.00026114952494435786,11.414719160248453,11.414719163337848,3.0893954061639306e-09
26.25,15.909902576697316,0.0,6.157894719254123,2026-08-26 09:00:00-07:00,True,0.9999594190164055,0.9999594190164094,0.6176628604393144,10.340328503916156,0.00023107804886149098,10.340097423302684,10.340097425867295,2.564611634170433e-09
26.25,16.91639566827699,0.0,6.1578947207927754,2026-08-26 09:15:00-07:00,True,0.9999608357585441,0.9999608357585477,0.5822855166156278,9.33380994126642,0.00020560745353759557,9.33360433172301,9.333604333812882,2.0898731634133583e-09
26.25,17.850450156552792,0.0,6.157894725855531,2026-08-26 09:30:00-07:00,True,0.9999621505238628,0.999962150523866,0.550950683100524,8.399734146743945,0.00018430156716613054,8.399549843447208,8.399549845176779,1.7295711529641267e-09
26.25,18.708066276807266,0.0,7.345394660733104,2026-08-26 09:45:00-07:00,True,0.9999633576851077,0.999963357685111,0.5236764575019179,7.542100440320583,0.00016671579573039708,7.541933723192734,7.541933724524853,1.3321184155756782e-09
26.25,19.485571585149867,0.0,8.532894654483382,2026-08-26 10:00:00-07:00,True,0.9999644520757064,0.9999644520757096,0.5003906187108152,6.764580823991373,0.00015240805405164793,6.7644284148501335,6.764428415937322,1.0871881173102338e-09
26.25,20.179636684485487,0.0,9.720394650013215,2026-08-26 10:15:00-07:00,True,0.9999654290118452,0.9999654290118482,0.48092960883165575,6.070504265881642,0.0001409495295056331,6.070363315514513,6.070363316352136,8.376233040507941e-10
26.25,20.78728948150395,0.0,10.907894647470094,2026-08-26 10:30:00-07:00,True,0.9999662843124846,0.9999662843124875,0.4650475567302608,5.462842454218742,0.00013193506447328217,5.462710518496049,5.462710519154268,6.582192568771461e-10
26.25,21.305927913639874,0.0,12.095394644723832,2026-08-26 10:45:00-07:00,True,0.9999670143172218,0.9999670143172246,0.45243597920860845,4.944197079345683,0.00012499252466386678,4.944072086360126,4.944072086821019,4.608926573723693e-10
26.25,21.73333109150404,0.0,13.28289464151324,2026-08-26 11:00:00-07:00,True,0.9999676159019281,0.9999676159019304,0.4427524208551703,4.516788700206946,0.00011979139036839116,4.516668908495959,4.516668908816578,3.206190868354497e-10
26.25,22.06766880907269,0.0,13.947368411477465,2026-08-26 11:15:00-07:00,True,0.9999680864920955,0.999968086492098,0.43565426159558934,4.182447241505675,0.00011605033687851574,4.182331190927311,4.182331191168796,2.4148505417542765e-10
26.25,22.307509380910737,0.0,13.947368419592385,2026-08-26 11:30:00-07:00,True,0.9999684240738357,0.9999684240738385,0.43083299453138263,3.942604163050844,0.00011354380422994836,3.942490619089263,3.9424906192466143,1.5735146519091359e-10
26.25,22.45182577286858,0.0,13.947368423774629,2026-08-26 11:45:00-07:00,True,0.9999686272024803,0.9999686272024829,0.42804462895348955,3.7982863340964492,0.00011210686919844193,3.798174227131419,3.7981742272272507,9.583178695038441e-11
36.75,22.5,0.0,13.947368425233591,2026-08-26 12:00:00-07:00,True,0.9999433626911453,0.999943362691151,0.8590107291100612,14.250445716054369,0.000445798113136334,14.25,14.249999917941233,-8.205876689260094e-08
36.75,22.45182577286858,0.0,13.94736842550001,2026-08-26 12:15:00-07:00,True,0.9999432948770961,0.9999432948771021,0.8607252484576943,14.298621794112409,0.000447567235311908,14.298174227131419,14.298174226877096,-2.5432278505377326e-10
36.75,22.307509380910737,0.0,13.9473684257085,2026-08-26 12:30:00-07:00,True,0.9999430917261375,0.9999430917261435,0.8658755243029452,14.442943521109175,0.0004529026973759755,14.442490619089263,14.4424906184118,-6.774634186967887e-10
36.75,22.06766880907269,0.0,13.94736842573976,2026-08-26 12:45:00-07:00,True,0.999942754107312,0.9999427541073176,0.8744806655972848,14.682793078102971,0.0004618883000666756,14.68233119092731,14.682331189802905,-1.1244054576309281e-09
36.75,21.73333109150404,0.0,13.947368425826191,2026-08-26 13:00:00-07:00,True,0.9999422834654462,0.999942283465452,0.8865689933790216,15.017143568066231,0.0004746612378594364,15.016668908495959,15.016668906828372,-1.6675869574100943e-09
36.75,21.305927913639877,0.0,13.947368425972504,2026-08-26 13:15:00-07:00,True,0.9999416818146502,0.9999416818146563,0.9021731980658526,15.444563492530097,0.0004914083572575692,15.444072086360123,15.44407208417284,-2.18728324341555e-09
36.75,20.78728948150395,0.0,13.947368426006806,2026-08-26 13:30:00-07:00,True,0.9999409517297153,0.9999409517297208,0.9213243469169247,15.96322287730542,0.0005123615739357774,15.96271051849605,15.962710515731484,-2.7645654654406826e-09
36.75,20.179636684485487,0.0,13.947368426011096,2026-08-26 13:45:00-07:00,True,0.999940096335112,0.9999400963351184,0.9440453959997618,16.57090110359014,0.0005377915070630479,16.570363315514513,16.570363312083074,-3.431438244660967e-09
36.75,19.48557158514987,0.0,13.947368426104978,2026-08-26 14:00:00-07:00,True,0.999939119291646,0.9999391192916524,0.9703448620063498,17.264996410718215,0.0005680000036390993,17.26442841485013,17.264428410714576,-4.135554121376117e-09
36.75,18.708066276807266,0.0,13.947368426204404,2026-08-26 14:15:00-07:00,True,0.9999380247808157,0.9999380247808224,1.0002112261753187,18.042537030326297,0.0006033120222391517,18.041933723192734,18.04193371830406,-4.888676130576641e-09
36.75,17.850450156552792,0.0,13.947368426198754,2026-08-26 14:30:00-07:00,True,0.9999368174869502,0.9999368174869571,1.0336084920760291,18.90019390410783,0.0006440664441943227,18.899549843447208,18.899549837663635,-5.783572731843378e-09
36.75,16.91639566827699,0.0,13.94736842594493,2026-08-26 14:45:00-07:00,True,0.9999355025771887,0.9999355025771955,1.0704731333982997,19.834294931163356,0.0006906062338766787,19.83360433172301,19.83360432492948,-6.793531071025427e-09
36.75,15.90990257669732,0.0,13.94736842610668,2026-08-26 15:00:00-07:00,True,0.9999340856794036,0.9999340856794109,1.1107124831518278,20.840840683386503,0.0007432679187350004,20.84009742330268,20.840097415467767,-7.834913162696466e-09
36.75,14.835280839751553,0.0,13.947368426323653,2026-08-26 15:15:00-07:00,True,0.9999325728581464,0.9999325728581542,1.1542044616846963,21.915521522645243,0.0008023713768516245,21.914719160248445,21.91471915126839,-8.980055810070553e-09
36.75,13.69713215269622,0.0,13.947368426233028,2026-08-26 15:30:00-07:00,True,0.9999309705887293,0.9999309705887367,1.2007984344993157,23.053736045827456,0.0008682087687811872,23.05286784730378,23.052867837058674,-1.0245106096817835e-08
36.75,12.500330242941056,0.0,13.947368426146149,2026-08-26 15:45:00-07:00,True,0.9999292857295419,0.9999292857295505,1.2503169376005911,24.250610779564468,0.0009410341681605132,24.249669757058946,24.249669745396307,-1.1662638854659235e-08
36.75,11.249999999999998,0.0,13.94736842632984,2026-08-26 16:00:00-07:00,True,0.9999275254927323,0.9999275254927413,1.3025580007069042,25.501021040043128,0.0010210531372667902,25.5,25.49999998690586,-1.3094140882685679e-08
36.75,9.951495529927538,0.0,13.947368426341129,2026-08-26 16:15:00-07:00,True,0.9999256974133686,0.9999256974133778,1.3572978243134617,26.79961286867483,0.0011084132230535033,26.798504470072462,26.798504455451777,-1.4620685107047393e-08
36.75,8.610377228214523,0.0,13.94736842629959,2026-08-26 16:30:00-07:00,True,0.9999238093172153,0.9999238093172247,1.4142936117675873,28.14082595018329,0.001203194687021096,28.139622771785476,28.13962275549627,-1.6289206428155012e-08
36.75,7.232387969321139,0.0,13.947368426163784,2026-08-26 16:45:00-07:00,True,0.9999218692872645,0.9999218692872739,1.4732864083194381,29.518917415259217,0.0013054025902893044,29.517612030678862,29.517612012668927,-1.8009934876772604e-08
21.0,5.823428514806722,0.0,13.94736842639039,2026-08-26 17:00:00-07:00,True,0.9999578872144624,0.9999578872144675,0.7681785904162499,15.176927368339154,0.0003557903348628315,15.176571485193278,15.17657157800429,9.281101220892651e-08
21.0,4.389532245362884,0.0,13.947368426505712,2026-08-26 17:15:00-07:00,True,0.9999558687538824,0.9999558687538879,0.8293452915886376,16.61088216820434,0.00041441954438323594,16.610467754637117,16.610467748659957,-5.9771601002012176e-09
21.0,2.93683932495117,0.0,13.947368426476844,2026-08-26 17:30:00-07:00,True,0.9999538238055282,0.9999538238055339,0.8920764015964256,18.063639879793108,0.0004792115911104702,18.06316067504883,18.063160668202,-6.846832434348471e-09
21.0,1.47157040767822,0.0,13.947368426397484,2026-08-26 17:45:00-07:00,True,0.9999517611255471,0.9999517611255534,0.9559753319987246,19.528979649218705,0.00055006471519755,19.52842959232178,19.528429584503506,-7.818272251824965e-09
21.0,0.0,0.0,13.947368426465392,2026-08-26 18:00:00-07:00,True,0.9999496895461,0.9999496895461064,1.0206621881968765,21.00062677342819,0.0006267822354066084,21.0,20.999999991192784,-8.807216289596909e-09
21.0,0.0,0.0,13.947368426359796,2026-08-26 18:15:00-07:00,True,0.9999496895460787,0.999949689546085,1.0206621886247638,21.000626782204773,0.0006267822271020122,21.0,20.99999999997767,-2.2328805471261148e-11
21.0,0.0,0.0,13.947368426145392,2026-08-26 18:30:00-07:00,True,0.9999496895460787,0.999949689546085,1.0206621886247638,21.000626782204773,0.0006267822271020122,21.0,20.99999999997767,-2.2328805471261148e-11
21.0,0.0,0.0,12.631578952671155,2026-08-26 18:45:00-07:00,True,0.9999496895460787,0.999949689546085,1.0206621886247638,21.000626782204773,0.0006267822271020122,21.0,20.99999999997767,-2.2328805471261148e-11
21.0,0.0,0.0,12.631578950971887,2026-08-26 19:00:00-07:00,True,0.9999496895460787,0.999949689546085,1.0206621886247638,21.000626782204773,0.0006267822271020122,21.0,20.99999999997767,-2.2328805471261148e-11
21.0,0.0,0.0,12.631578950348713,2026-08-26 19:15:00-07:00,True,0.9999496895460787,0.999949689546085,1.0206621886247638,21.000626782204773,0.0006267822271020122,21.0,20.99999999997767,-2.2328805471261148e-11
21.0,0.0,0.0,11.315789477917916,2026-08-26 19:30:00-07:00,True,0.9999496895460787,0.999949689546085,1.0206621886247638,21.000626782204773,0.0006267822271020122,21.0,20.99999999997767,-2.2328805471261148e-11
21.0,0.0,0.0,11.315789477606902,2026-08-26 19:45:00-07:00,True,0.9999496895460787,0.999949689546085,1.0206621886247638,21.000626782204773,0.0006267822271020122,21.0,20.99999999997767,-2.2328805471261148e-11
21.0,0.0,0.0,11.31578947732832,2026-08-26 20:00:00-07:00,True,0.9999496895460787,0.999949689546085,1.0206621886247638,21.000626782204773,0.0006267822271020122,21.0,20.99999999997767,-2.2328805471261148e-11
21.0,0.0,0.0,11.315789477287716,2026-08-26 20:15:00-07:00,True,0.9999496895460787,0.999949689546085,1.0206621886247638,21.000626782204773,0.0006267822271020122,21.0,20.99999999997767,-2.2328805471261148e-11
21.0,0.0,0.0,11.315789477258503,2026-08-26 20:30:00-07:00,True,0.9999496895460787,0.999949689546085,1.0206621886247638,21.000626782204773,0.0006267822271020122,21.0,20.99999999997767,-2.2328805471261148e-11
21.0,0.0,0.0,11.315789477014828,2026-08-26 20:45:00-07:00,True,0.9999496895460787,0.999949689546085,1.0206621886247638,21.000626782204773,0.0006267822271020122,21.0,20.99999999997767,-2.2328805471261148e-11
21.0,0.0,0.0,11.315789476208272,2026-08-26 21:00:00-07:00,True,0.9999496895460787,0.999949689546085,1.0206621886247638,21.000626782204773,0.0006267822271020122,21.0,20.99999999997767,-2.2328805471261148e-11
21.0,0.0,0.0,10.00000000386779,2026-08-26 21:15:00-07:00,True,0.9999496895460787,0.999949689546085,1.0206621886247638,21.000626782204773,0.0006267822271020122,21.0,20.99999999997767,-2.2328805471261148e-11
21.0,0.0,0.0,10.000000001892436,2026-08-26 21:30:00-07:00,True,0.9999496895460787,0.999949689546085,1.0206621886247638,21.000626782204773,0.0006267822271020122,21.0,20.99999999997767,-2.2328805471261148e-11
21.0,0.0,0.0,10.000000000967889,2026-08-26 21:45:00-07:00,True,0.9999496895460787,0.999949689546085,1.0206621886247638,21.000626782204773,0.0006267822271020122,21.0,20.99999999997767,-2.2328805471261148e-11
21.0,0.0,0.0,10.00000000030404,2026-08-26 22:00:00-07:00,True,0.9999496895460787,0.999949689546085,1.0206621886247638,21.000626782204773,0.0006267822271020122,21.0,20.99999999997767,-2.2328805471261148e-11
21.0,0.0,0.0,10.00000000000995,2026-08-26 22:15:00-07:00,True,0.9999496895460787,0.999949689546085,1.0206621886247638,21.000626782204773,0.0006267822271020122,21.0,20.99999999997767,-2.2328805471261148e-11
21.0,0.0,0.0,9.999999999923542,2026-08-26 22:30:00-07:00,True,0.9999496895460787,0.999949689546085,1.0206621886247638,21.000626782204773,0.0006267822271020122,21.0,20.99999999997767,-2.2328805471261148e-11
21.0,0.0,0.0,9.99999999993455,2026-08-26 22:45:00-07:00,True,0.9999496895460787,0.999949689546085,1.0206621886247638,21.000626782204773,0.0006267822271020122,21.0,20.99999999997767,-2.2328805471261148e-11
21.0,0.0,0.0,9.99999999983555,2026-08-26 23:00:00-07:00,True,0.9999496895460787,0.999949689546085,1.0206621886247638,21.000626782204773,0.0006267822271020122,21.0,20.99999999997767,-2.2328805471261148e-11
21.0,0.0,0.0,9.999999999888864,2026-08-26 23:15:00-07:00,True,0.9999496895460787,0.999949689546085,1.0206621886247638,21.000626782204773,0.0006267822271020122,21.0,20.99999999997767,-2.2328805471261148e-11
21.0,0.0,0.0,9.999999999902087,2026-08-26 23:30:00-07:00,True,0.9999496895460787,0.999949689546085,1.0206621886247638,21.000626782204773,0.0006267822271020122,21.0,20.99999999997767,-2.2328805471261148e-11
21.0,0.0,0.0,9.999999999999998,2026-08-26 23:45:00-07:00,True,0.9999496895460787,0.999949689546085,1.0206621886247638,21.000626782204773,0.0006267822271020122,21.0,20.99999999997767,-2.2328805471261148e-11
